{
  "phase_essential": {
    "full (dynamic)": 0.39111764744695215,
    "static delay": 0.38889847443191056,
    "phase-off (real)": 0.5957106928339915,
    "backbone-only": 1.0051953787807661
  },
  "self_predictable": {
    "full (dynamic)": 0.5634994696810901,
    "static delay": 0.5001498575546194,
    "phase-off (real)": 0.4968907950250593,
    "backbone-only": 0.5857104949583887
  },
  "delay_recovery": {
    "r_leader_col": 0.769158254636542,
    "r_full_matrix": 0.24190465904050804,
    "r_absA_weighted": 0.2667805154999815,
    "true_tau": [
      44,
      28,
      64,
      30,
      42,
      60
    ],
    "learned_leader_col": [
      -0.38194528222084045,
      -2.4537835121154785,
      3.8297324180603027,
      -0.3998706042766571,
      -2.3485119342803955,
      0.24700015783309937
    ]
  }
}