{
  "A_in_range": {
    "v1-static": {
      "test_mse": 0.5272498934595937,
      "final_alpha": -0.6832032799720764,
      "recovery": {
        "r_leader_col": -0.1780311090165627,
        "slope": -0.01799016639396745,
        "n": 6,
        "r_full_matrix": 0.13407571584116437,
        "true_tau": [
          29,
          41,
          24,
          40,
          44,
          32
        ],
        "learned_leader_col": [
          0.024544410407543182,
          0.5226172804832458,
          1.9924225807189941,
          0.19290028512477875,
          1.6310935020446777,
          0.7523676753044128
        ]
      }
    },
    "v2-static-noinit": {
      "test_mse": 0.8788883037360516,
      "final_alpha": 1.120664358139038,
      "recovery": {
        "r_leader_col": 0.35643729855352735,
        "slope": 0.014734531039154371,
        "n": 6,
        "r_full_matrix": 0.4615394918797935,
        "true_tau": [
          29,
          41,
          24,
          40,
          44,
          32
        ],
        "learned_leader_col": [
          0.8550533056259155,
          1.0340354442596436,
          0.14817078411579132,
          0.6763406991958618,
          0.3629477024078369,
          0.5180038213729858
        ]
      }
    },
    "v2-static": {
      "test_mse": 0.15408995420956842,
      "final_alpha": 0.578865110874176,
      "recovery": {
        "r_leader_col": 0.999902293966916,
        "slope": 0.9926620892115999,
        "n": 6,
        "r_full_matrix": 0.9994910273821296,
        "true_tau": [
          29,
          41,
          24,
          40,
          44,
          32
        ],
        "learned_leader_col": [
          29.281803131103516,
          40.977935791015625,
          23.9998722076416,
          39.98204803466797,
          43.95845031738281,
          31.99152374267578
        ]
      },
      "recovery_at_init": {
        "r_leader_col": 0.9999999999999999,
        "slope": 0.9999999999999999,
        "n": 6,
        "r_full_matrix": 1.0,
        "true_tau": [
          29,
          41,
          24,
          40,
          44,
          32
        ],
        "learned_leader_col": [
          29.0,
          41.0,
          24.0,
          40.0,
          44.0,
          32.0
        ]
      }
    },
    "v2-dynamic": {
      "test_mse": 0.15388871914306307,
      "final_alpha": 0.5783931016921997,
      "recovery": {
        "r_leader_col": 0.999910042017251,
        "slope": 0.9988269434346779,
        "n": 6,
        "r_full_matrix": 0.998622016552652,
        "true_tau": [
          29,
          41,
          24,
          40,
          44,
          32
        ],
        "learned_leader_col": [
          28.78984260559082,
          40.99142074584961,
          24.089366912841797,
          39.99909591674805,
          43.955406188964844,
          32.06062316894531
        ]
      },
      "recovery_at_init": {
        "r_leader_col": 0.9999999999999999,
        "slope": 0.9999999999999999,
        "n": 6,
        "r_full_matrix": 1.0,
        "true_tau": [
          29,
          41,
          24,
          40,
          44,
          32
        ],
        "learned_leader_col": [
          29.0,
          41.0,
          24.0,
          40.0,
          44.0,
          32.0
        ]
      }
    },
    "v2-phase-off": {
      "test_mse": 0.7080478565653784,
      "final_alpha": 0.6748080849647522
    },
    "backbone-only": {
      "test_mse": 1.0093921682741345,
      "final_alpha": 0.0
    }
  },
  "A_beyond_range": {
    "v1-static": {
      "test_mse": 0.38889847443191056,
      "final_alpha": -0.5964027047157288,
      "recovery": {
        "r_leader_col": 0.741113795358195,
        "slope": 0.02925254800356925,
        "n": 6,
        "r_full_matrix": 0.2941779447197529,
        "true_tau": [
          44,
          28,
          64,
          30,
          42,
          60
        ],
        "learned_leader_col": [
          0.5973140001296997,
          -0.4313713312149048,
          1.272064208984375,
          0.2981627881526947,
          -0.10432622581720352,
          0.33659499883651733
        ]
      }
    },
    "v2-static": {
      "test_mse": 0.3822629478206442,
      "final_alpha": 0.7320352792739868,
      "recovery": {
        "r_leader_col": -0.6923670069992048,
        "slope": -0.8525928834883074,
        "n": 6,
        "r_full_matrix": 0.005272583619974563,
        "true_tau": [
          44,
          28,
          64,
          30,
          42,
          60
        ],
        "learned_leader_col": [
          43.98494338989258,
          27.998746871948242,
          4.610986232757568,
          29.994075775146484,
          41.9846305847168,
          0.8403759002685547
        ]
      },
      "recovery_at_init": {
        "r_leader_col": -0.6897485136252145,
        "slope": -0.8437500000000004,
        "n": 6,
        "r_full_matrix": 0.008497579050801937,
        "true_tau": [
          44,
          28,
          64,
          30,
          42,
          60
        ],
        "learned_leader_col": [
          44.0,
          28.0,
          5.0,
          30.0,
          42.0,
          1.0
        ]
      }
    }
  },
  "B_self_predictable": {
    "v2-dynamic": {
      "test_mse": 0.5769374866092981,
      "final_alpha": 0.43100568652153015,
      "recovery": {
        "r_leader_col": 0.9998338521427754,
        "slope": 0.9867275064246036,
        "n": 7,
        "r_full_matrix": 0.99216738640899,
        "true_tau": [
          5,
          6,
          3,
          18,
          14,
          15,
          7
        ],
        "learned_leader_col": [
          5.611393451690674,
          6.584197998046875,
          3.7024762630462646,
          18.389278411865234,
          14.728660583496094,
          15.41590690612793,
          7.544475555419922
        ]
      },
      "recovery_at_init": {
        "r_leader_col": 1.0,
        "slope": 0.9999999999999998,
        "n": 7,
        "r_full_matrix": 1.0,
        "true_tau": [
          5,
          6,
          3,
          18,
          14,
          15,
          7
        ],
        "learned_leader_col": [
          5.0,
          6.0,
          3.0,
          18.0,
          14.0,
          15.0,
          7.0
        ]
      }
    },
    "v2-static": {
      "test_mse": 0.575879396986993,
      "final_alpha": 0.5309021472930908,
      "recovery": {
        "r_leader_col": 0.9997108233739308,
        "slope": 1.02030044191339,
        "n": 7,
        "r_full_matrix": 0.9959062794146417,
        "true_tau": [
          5,
          6,
          3,
          18,
          14,
          15,
          7
        ],
        "learned_leader_col": [
          5.668078422546387,
          6.5883002281188965,
          3.615245819091797,
          18.7579345703125,
          15.122415542602539,
          15.795352935791016,
          7.625997543334961
        ]
      },
      "recovery_at_init": {
        "r_leader_col": 1.0,
        "slope": 0.9999999999999998,
        "n": 7,
        "r_full_matrix": 1.0,
        "true_tau": [
          5,
          6,
          3,
          18,
          14,
          15,
          7
        ],
        "learned_leader_col": [
          5.0,
          6.0,
          3.0,
          18.0,
          14.0,
          15.0,
          7.0
        ]
      }
    },
    "v2-phase-off": {
      "test_mse": 0.49779486268323414,
      "final_alpha": 0.519805371761322
    },
    "backbone-only": {
      "test_mse": 0.5843960926985519,
      "final_alpha": 0.0
    }
  }
}