{
  "pearson_r": 0.5788209891384236,
  "slope": 0.12888221889473758,
  "planted_tau": [
    0,
    5,
    6,
    3,
    18,
    14,
    15,
    7
  ]
}