{
  "base": [
    0.14240925014019012,
    0.2224259376525879,
    0.28563570976257324,
    0.3469071388244629,
    0.4105115830898285,
    0.46769532561302185,
    0.5148761868476868,
    0.5653256773948669,
    0.6047986149787903,
    0.6430808901786804,
    0.6769543290138245,
    0.709589958190918
  ],
  "full": [
    0.14027459919452667,
    0.21638409793376923,
    0.27679142355918884,
    0.33303067088127136,
    0.38997751474380493,
    0.4420246481895447,
    0.48609182238578796,
    0.5316027998924255,
    0.5707735419273376,
    0.60903400182724,
    0.6451117396354675,
    0.6818085312843323
  ],
  "gain_pct": [
    1.498955249786377,
    2.7163376808166504,
    3.0963516235351562,
    4.000052452087402,
    5.002067565917969,
    5.488760471343994,
    5.590541362762451,
    5.965212345123291,
    5.625851631164551,
    5.294340133666992,
    4.70380163192749,
    3.915138006210327
  ],
  "alpha": 0.12952055037021637
}