{
  "metr_la|12": -0.2025751831874353,
  "metr_la|24": -0.5949016685772551,
  "metr_la|48": -0.5949016685772551,
  "metr_la|96": -0.5949016685772551,
  "pems_bay|12": -0.16809692485716649,
  "pems_bay|24": -0.7294339420982541,
  "pems_bay|48": -0.7294339420982541,
  "pems_bay|96": -0.7294339420982541,
  "pems04|12": -0.055505872686814395,
  "pems04|24": -0.7259686372571834,
  "pems04|48": -0.7259686372571834,
  "pems04|96": -0.7259686372571834,
  "pems08|12": -0.07288611425063123,
  "pems08|24": -0.7103794981784665,
  "pems08|48": -0.7103794981784665,
  "pems08|96": -0.7103794981784665,
  "ili_us_state|2": 0.009339765049425689,
  "ili_us_state|4": -0.026639300005316353,
  "ili_us_state|8": -0.0964299290870118,
  "ili_japan|2": -0.03743379816807535,
  "ili_japan|4": -0.16178749124124794,
  "ili_japan|8": -0.28950199491824363,
  "ili_us_hhs|2": -0.020892873261920453,
  "ili_us_hhs|4": -0.054959646843854314,
  "ili_us_hhs|8": -0.13861202551232205
}